{
    "myProfile": {
        "statusMessage": "AUTOREAD\nif msg.text.lower() == \"i Miss you\":\n  if msg._from in Pebb:\nstatus[\"Relationship\"] = True\n      cl.sendMessage(msg.to, \"She's Dating...\")\n      cl.sendMassage(msg.to, \"You're not Priority\")\nElse:\n      cl.sendMessage(msg.to, \"I Miss You To\")",
        "pictureStatus": "0h4aqexdt3a05MHENi_Q8UGXBZZSM7Mm0GNHwlK2saZ342fnsRI3l0IT1LPXg2fH9NJ3h3L24dYStg",
        "coverId": "5a7ffc2e9730dca394b32145ec0f5487",
        "displayName": "\u0131\u0279q\u01ddd"
    },
    "changeGroupPicture": [],
    "defaultReplyReader": "Sini kak @! temanin dedek \ud83d\ude25",
    "checkContact": false,
    "author_lineid": "You can add the author by line id, https://line.me/ti/p/~.pebri",
    "checkSticker": false,
    "autoRespondMention": {
        "status": true,
        "message": "Kenapa kak? @! Mau Tf kah? \ud83d\ude33"
    },
    "setKey": {
        "key": "",
        "status": true
    },
    "changePictureProfile": false,
    "changevp": false,
    "changeCoverProfile": false,
    "restartPoint": "u65129423a63f75ecae3ea189f9540054",
    "checkPost": true,
    "autoJoin": {
        "status": true,
        "ticket": false,
        "message": "ty for invite @!",
        "reply": true
    },
    "changeCoverPicture": false,
    "autoRespond": {
        "status": false,
        "message": "https://line.me/ti/p/~.pebri"
    },
    "greet": {
        "join": {
            "status": true,
            "message": "Selamat Datang Kak @! \ud83d\ude0d"
        },
        "leave": {
            "status": true,
            "message": "Bye bye @!"
        }
    },
    "autoRead": true,
    "copyright": "If you respect the author please don't remove this copyright\n\u00a9 2018 Hello World",
    "mimic": {
        "target": {
            "u3f844cd72c18c54434a1b4f2cd1550d6": false
        },
        "status": false
    },
    "autoAdd": {
        "status": false,
        "message": "cie nge add :v , minat order selfbot / bot protect add mybos https://line.me/ti/p/~.pebri",
        "reply": true
    }
}